user1,user2
Ajay,Dinesh
Angel,Tanya
Aayansh,Ayaan
Arun,Priya
Darsh,Kiara
Anvi,Ayush
Prisha,Usha
Aryan,Ria
Aarav,Diya
Ayaan,Hari
Atharva,Nirav
Ishaan,Sonal
Ashish,Ira
Rishi,Sonal
Aaryan,Akarsh
Aanya,Madhav
Arjun,Nikhil
Arjun,Naira
Muhammad,Rekha
Pihu,Siya
Avni,Om
Ashish,Devansh
Darsh,Yash
Ashish,Daksh
Aryan,Devansh
Aryan,Rhea
Aaradhya,Nora
Karan,Siya
Pranay,Saanvi
Deepak,Muhammad
Angel,Veer
Avni,Kiara
Aisha,Ira
Ira,Vidya
Dinesh,Vedant
Pihu,Sonal
Nirav,Ritu
Aditi,Priya
Akash,Sandeep
Pranav,Shanaya
Angel,Naira
Sonal,Vedant
Aaradhya,Hari
Aria,Komal
Ayush,Darsh
Anvi,Sandeep
Inaya,Vanya
Aaradhya,Ira
Anand,Arjun
Aanya,Shanaya
Dhruv,Ishika
Daksh,Shreya
Ganesh,Shivansh
Aria,Sara
Arun,Usha
Agastya,Mira
Sana,Yash
Devansh,Priya
Ishaan,Pranay
Agastya,Parth
Pranay,Sai
Parth,Siddharth
Akarsh,Shreya
Dinesh,Siddharth
Aanya,Rhea
Rishi,Srishti
Karan,Prisha
Aisha,Dhruv
Darsh,Payal
Aayansh,Arjun
Arjun,Ishika
Naira,Nikhil
Angel,Ishaan
Saanvi,Srishti
Aditi,Avni
Arun,Zara
Karan,Nora
Aditi,Vivaan
Om,Shivansh
Myra,Sonal
Rekha,Ritu
Dinesh,Saanvi
Aayansh,Sai
Sachin,Vedant
Anvi,Jiya
Aanya,Ishaan
Siya,Tanya
Ishaan,Pooja
Diya,Ria
Pari,Viraj
Akarsh,Rishi
Aarav,Parth
Ajay,Myra
Ayush,Inaya
Avni,Payal
Myra,Rekha
Naina,Parth
Anirudh,Arun
Viraj,Yash
Bhavna,Sara
Jiya,Priya
Devansh,Vivaan
Arjun,Nirav
Kiara,Yash
Rudra,Viraj
Inaya,Vivaan
Aryan,Muhammad
Veer,Zara
Kiaan,Usha
Nikhil,Saanvi
Arjun,Pranav
Shivansh,Tara
Akarsh,Karan
Kavya,Sai
Deepak,Sai
Ajay,Komal
Siya,Veer
Rishi,Shanaya
Nirav,Saanvi
Agastya,Disha
Karan,Kavya
Aryan,Seema
Bhavna,Devansh
Ajay,Pihu
Ishaan,Vanya
Myra,Pranay
Agastya,Komal
Payal,Tara
Avni,Shivansh
Anvi,Myra
Hari,Pari
Rekha,Rishi
Ria,Veer
Atharva,Kiara
Ashish,Siddharth
Rekha,Usha
Devansh,Kian
Aryan,Sandeep
Siddharth,Vivaan
Sana,Vanya
Akash,Yash
Rhea,Rishi
Usha,Zara
Ayaan,Usha
Arun,Hiya
Anvi,Aryan
Anand,Naira
Angel,Bhavna
Pooja,Sonal
Anirudh,Hiya
Jiya,Usha
Dhruv,Saanvi
Aarav,Disha
Sandeep,Shanaya
Rahul,Sandeep
Shreya,Siddharth
Aisha,Rishi
Rahul,Siddharth
Disha,Nirav
Atharva,Naina
Kian,Komal
Aisha,Siddharth
Nirav,Rahul
Aaryan,Parth
Agastya,Daksh
Aayansh,Ira
Dinesh,Yash
Parth,Yash
Arun,Nora
Ashish,Pari
Deepa,Rishi
Naina,Pihu
Anvi,Veer
Mira,Pooja
Atharva,Hari
Ishika,Sai
Aarav,Sana
Kavya,Pihu
Hari,Kiara
Angel,Saanvi
Sachin,Sonal
Ritu,Yash
Seema,Vidya
Aayan,Anvi
Ayush,Jiya
Dinesh,Ira
Ayush,Mira
Atharva,Sana
Ria,Shivansh
Dinesh,Sana
Inaya,Mira
Angel,Arjun
Nikhil,Nora
Devansh,Hiya
Arjun,Deepak
Angel,Parth
Dhruv,Kiaan
Anirudh,Tanya
Ishika,Kiaan
Ishaan,Muhammad
Pranay,Ritu
Payal,Sara
Hari,Yash
Payal,Ria
Arun,Pooja
Darsh,Kian
Atharva,Pooja
Daksh,Pranay
Aarav,Dhruv
Aarav,Anand
Pranav,Tanya
Ishaan,Seema
Kiaan,Naina
Komal,Nikhil
Anand,Priya
Jiya,Siya
Om,Rahul
Arjun,Kiaan
Aanya,Sai
Aisha,Rahul
Aanya,Tara
Rhea,Sonal
Aanya,Deepak
Aaryan,Aria
Arun,Vidya
Mira,Rudra
Pranay,Shreya
Aayansh,Ritu
Daksh,Madhav
Aayan,Kavya
Anirudh,Veer
Arun,Shanaya
Aayansh,Priya
Aisha,Sonal
Anirudh,Shanaya
Naira,Parth
Karan,Zara
Deepa,Siya
Aaryan,Atharva
Nirav,Pooja
Aaryan,Ira
Ashish,Nora
Vidya,Vivaan
Aayansh,Shreya
Hari,Pooja
Aarav,Agastya
Priya,Ria
Parth,Ritu
Devansh,Madhav
Inaya,Viraj
Angel,Aryan
Bhavna,Zara
Aisha,Akash
Shreya,Yash
Anand,Avni
Ganesh,Ira
Daksh,Vidya
Rahul,Yash
Ria,Rishi
Darsh,Mira
Ayush,Komal
Devansh,Pooja
Aaradhya,Hiya
Kiaan,Pooja
Inaya,Komal
Aria,Kiara
Rhea,Srishti
Aarav,Ajay
Avni,Rahul
Aryan,Ira
Arjun,Deepa
Kavya,Nirav
Ritu,Vanya
Akarsh,Shanaya
Aaradhya,Akash
Deepak,Nirav
Aarav,Vedant
Inaya,Sara
Devansh,Vidya
Angel,Pihu
Nikhil,Ritu
Aayansh,Rishi
Aaryan,Anand
Avni,Sonal
Aayansh,Usha
Akarsh,Vanya
Priya,Rudra
Rudra,Saanvi
Inaya,Naira
Mira,Sachin
Kiara,Pari
Shivansh,Vedant
Devansh,Rhea
Avni,Rekha
Bhavna,Siya
Naira,Viraj
Aanya,Veer
Agastya,Angel
Ritu,Shreya
Disha,Naina
Hari,Priya
Jiya,Kavya
Parth,Rishi
Atharva,Usha
Avni,Yash
Nirav,Shreya
Ayaan,Nikhil
Kavya,Siddharth
Aria,Sana
Shanaya,Shreya
Deepa,Kiaan
Angel,Dhruv
Deepa,Madhav
Rhea,Shanaya
Avni,Hari
Ashish,Darsh
Pihu,Pranay
Payal,Siddharth
Pranav,Shivansh
Nikhil,Usha
Aarav,Pari
Aaryan,Shreya
Ashish,Priya
Ajay,Kiara
Rekha,Rudra
Dinesh,Kian
Ira,Shivansh
Kiara,Rekha
Aisha,Rhea
Aaradhya,Vidya
Dhruv,Veer
Daksh,Diya
Darsh,Vidya
Saanvi,Tanya
Daksh,Pranav
Anand,Kiara
Disha,Pooja
Bhavna,Srishti
Akash,Rahul
Muhammad,Nikhil
Anvi,Deepak
Akarsh,Muhammad
Aaryan,Avni
Aaradhya,Rhea
Priya,Seema
Aayansh,Sonal
Ajay,Yash
Pooja,Sandeep
Seema,Tara
Pari,Srishti
Hiya,Vivaan
Rishi,Veer
Inaya,Nirav
Ayush,Sachin
Ayaan,Ishika
Sandeep,Tanya
Agastya,Naina
Ganesh,Vivaan
Madhav,Saanvi
Om,Shreya
Inaya,Sachin
Agastya,Yash
Anvi,Om
Ganesh,Rishi
Ishika,Rishi
Pihu,Sara
Parth,Rahul
Ishika,Usha
Kiaan,Muhammad
Angel,Shreya
Kavya,Siya
Pihu,Ria
Naira,Shivansh
Pranay,Srishti
Hari,Kian
Komal,Parth
Saanvi,Shanaya
Kavya,Om
Atharva,Sonal
Dinesh,Sonal
Kavya,Kiaan
Inaya,Seema
Agastya,Hari
Atharva,Mira
Avni,Rhea
Rudra,Sana
Komal,Sai
Naira,Ritu
Hiya,Zara
Avni,Vanya
Ganesh,Karan
Avni,Darsh
Arjun,Usha
Rahul,Vivaan
Dinesh,Hiya
Madhav,Sai
Anand,Sana
Dhruv,Zara
Aaryan,Kian
Dinesh,Rekha
Parth,Rekha
Arun,Tara
Angel,Rishi
Aaryan,Pari
Karan,Rhea
Seema,Tanya
Seema,Viraj
Ayaan,Muhammad
Aisha,Ayush
Pihu,Rudra
Anvi,Nora
Aarav,Nora
Akash,Srishti
Ira,Sandeep
Aayan,Mira
Arjun,Karan
Kavya,Naina
Darsh,Inaya
Rekha,Seema
Deepak,Yash
Agastya,Kavya
Aanya,Siddharth
Nirav,Sonal
Aditi,Parth
Akarsh,Jiya
Deepak,Nora
Myra,Nikhil
Aryan,Pari
Aayansh,Madhav
Myra,Naira
Anvi,Ira
Prisha,Ria
Prisha,Zara
Anirudh,Kiaan
Prisha,Veer
Kavya,Srishti
Jiya,Kian
Hiya,Rahul
Daksh,Deepak
Payal,Yash
Sara,Seema
Atharva,Myra
Arun,Ganesh
Akarsh,Sai
Devansh,Jiya
Prisha,Shanaya
Ganesh,Rahul
Deepa,Muhammad
Devansh,Mira
Mira,Sara
Ganesh,Siya
Avni,Inaya
Pari,Priya
Aisha,Arun
Pranay,Rhea
Kiaan,Mira
Naina,Payal
Tanya,Zara
Avni,Vivaan
Mira,Naira
Ishaan,Pranav
Sandeep,Shivansh
Aanya,Angel
Darsh,Seema
Aarav,Kavya
Dhruv,Sonal
Anand,Vanya
Devansh,Tara
Aryan,Siya
Aanya,Pari
Aaryan,Hiya
Tara,Vanya
Pranav,Sai
Agastya,Darsh
Diya,Vivaan
Pooja,Viraj
Parth,Pooja
Hiya,Rekha
Diya,Jiya
Payal,Sana
Diya,Usha
Komal,Naira
Aria,Pari
Arjun,Sonal
Ayush,Om
Arun,Ria
Akash,Rhea
Ayush,Kiaan
Akarsh,Ganesh
Arun,Veer
Atharva,Nikhil
Ishika,Naina
Kian,Shivansh
Aaryan,Nora
Ayaan,Parth
Hari,Myra
Ira,Om
Akarsh,Tanya
Avni,Kian
Parth,Shanaya
Aditi,Aria
Siya,Usha
Anvi,Ritu
Ganesh,Hari
Aarav,Rudra
Aria,Rahul
Daksh,Pihu
Anvi,Priya
Aryan,Nora
Aisha,Tara
Daksh,Deepa
Sara,Tara
Akarsh,Pihu
Myra,Nirav
Aaradhya,Parth
Deepa,Mira
Anand,Vivaan
Arun,Dhruv
Aryan,Srishti
Karan,Sandeep
Aria,Sonal
Akash,Anirudh
Agastya,Rishi
Nora,Priya
Anirudh,Dhruv
Arun,Ishaan
Shanaya,Veer
Aria,Hiya
Aayan,Akarsh
Kiara,Seema
Kian,Vedant
Ashish,Viraj
Disha,Sonal
Pihu,Saanvi
Ayush,Ira
Atharva,Ishika
Devansh,Veer
Akarsh,Daksh
Disha,Mira
Ayush,Sana
Komal,Ritu
Akash,Vivaan
Nirav,Vanya
Ishaan,Sai
Kiaan,Naira
Ayaan,Tanya
Rhea,Tanya
Aria,Naina
Avni,Mira
Aarav,Inaya
Aaryan,Vidya
Aisha,Ganesh
Hari,Vanya
Anvi,Vivaan
Ajay,Pari
Om,Viraj
Aanya,Deepa
Ganesh,Vidya
Ishika,Vidya
Aria,Nora
Aisha,Tanya
Akarsh,Dhruv
Dinesh,Inaya
Mira,Vedant
Inaya,Payal
Hari,Rudra
Aarav,Ayush
Ashish,Sara
Sara,Tanya
Naira,Yash
Ishika,Shanaya
Hiya,Rhea
Pihu,Sai
Prisha,Sandeep
Ishaan,Om
Ashish,Vidya
Aaryan,Vanya
Ishaan,Kiaan
Kavya,Rishi
Shivansh,Usha
Nora,Vivaan
Aditi,Shivansh
Ganesh,Rhea
Arun,Diya
Arun,Pranav
Rhea,Veer
Dinesh,Sachin
Komal,Vedant
Aaryan,Rudra
Jiya,Ria
Aisha,Sara
Atharva,Muhammad
Rahul,Vidya
Jiya,Vidya
Om,Vidya
Daksh,Ritu
Dinesh,Muhammad
Akash,Arun
Myra,Saanvi
Ishaan,Prisha
Aisha,Vidya
Aisha,Veer
Muhammad,Naina
Jiya,Shanaya
Pooja,Pranav
Anvi,Kian
Ayaan,Devansh
Muhammad,Yash
Naira,Sana
Kiara,Mira
Arjun,Vanya
Angel,Shanaya
Arun,Bhavna
Diya,Pranay
Jiya,Rhea
Aaradhya,Sara
Daksh,Nirav
Aayan,Pranav
Aarav,Dinesh
Shreya,Vanya
Deepa,Pihu
Komal,Siddharth
Aaradhya,Veer
Sana,Viraj
Avni,Viraj
Agastya,Sonal
Angel,Vanya
Anand,Mira
Ashish,Ishaan
Aditi,Ajay
Arun,Sandeep
Atharva,Sandeep
Bhavna,Pranay
Akarsh,Diya
Anirudh,Usha
Akarsh,Pranav
Priya,Vedant
Aayan,Bhavna
Muhammad,Sana
Akarsh,Ayaan
Diya,Madhav
Anand,Tara
Kiaan,Nirav
Akarsh,Vedant
Aayansh,Mira
Aditi,Bhavna
Rhea,Shivansh
Disha,Nikhil
Anirudh,Karan
Kiaan,Pranav
Vedant,Viraj
Kian,Om
Avni,Vidya
Aria,Darsh
Bhavna,Madhav
Aarav,Jiya
Aayansh,Tara
Kiara,Myra
Aaryan,Muhammad
Aditi,Siddharth
Sara,Shivansh
Angel,Anirudh
Ashish,Ayush
Kavya,Sonal
Anirudh,Ashish
Diya,Shanaya
Ayush,Rishi
Payal,Rahul
Daksh,Karan
Payal,Siya
Disha,Rudra
Bhavna,Vidya
Daksh,Zara
Kiara,Komal
Komal,Rahul
Pranav,Usha
Vanya,Veer
Daksh,Saanvi
Atharva,Deepak
Ajay,Pooja
Inaya,Siddharth
Aayan,Arjun
Madhav,Siya
Aditi,Angel
Rekha,Vedant
Pari,Vidya
Akarsh,Saanvi
Aanya,Vivaan
Ayaan,Vedant
Anand,Komal
Kiara,Nikhil
Kiara,Veer
Mira,Naina
Ishaan,Ritu
Ria,Sara
Ritu,Sai
Rudra,Vidya
Rahul,Seema
Ira,Karan
Akash,Tanya
Deepa,Nirav
Aria,Vivaan
Ashish,Sandeep
Pari,Vanya
Myra,Sana
Sara,Vedant
Anand,Nikhil
Anand,Vidya
Rekha,Siddharth
Deepa,Diya
Aisha,Bhavna
Deepa,Pranav
Tara,Vidya
Disha,Inaya
Nirav,Sai
Aarav,Viraj
Nirav,Tara
Kavya,Myra
Pari,Rudra
Ira,Kian
Anvi,Madhav
Priya,Siya
Jiya,Sandeep
Arun,Aryan
Aayansh,Pihu
Deepa,Vedant
Hiya,Jiya
Dinesh,Viraj
Arun,Naina
Komal,Nora
Aisha,Sandeep
Aayansh,Atharva
Atharva,Disha
Ganesh,Jiya
Agastya,Vanya
Aria,Seema
Dinesh,Komal
Ayaan,Saanvi
Ayush,Rahul
Avni,Pranav
Anand,Rudra
Hiya,Tara
Anvi,Ria
Madhav,Srishti
Aayan,Aryan
Anvi,Vidya
Aaradhya,Siddharth
Aryan,Jiya
Atharva,Pihu
Darsh,Siddharth
Ganesh,Tara
Deepa,Siddharth
Arun,Deepa
Ira,Rahul
Muhammad,Usha
Aayansh,Akarsh
Arun,Ira
Atharva,Naira
Arjun,Parth
Ishaan,Usha
Komal,Payal
Nora,Ria
Kian,Vanya
Inaya,Kiara
Bhavna,Sachin
Kavya,Shanaya
Shanaya,Tanya
Ayush,Rekha
Aayan,Pihu
Aaradhya,Saanvi
Naina,Vanya
Aayansh,Ishaan
Jiya,Tara
Rahul,Tara
Myra,Priya
Pari,Sachin
Deepak,Vanya
Ishaan,Zara
Agastya,Inaya
Rishi,Zara
Aaryan,Viraj
Hiya,Tanya
Aditi,Ira
Akash,Ishika
Ayush,Nora
Atharva,Dhruv
Aryan,Pranay
Sandeep,Vivaan
Ishaan,Kian
Mira,Ritu
Nora,Rudra
Dhruv,Tanya
Pari,Seema
Tanya,Tara
Dhruv,Madhav
Ajay,Muhammad
Ayush,Hari
Aaryan,Komal
Madhav,Shanaya
Deepa,Sai
Prisha,Shreya
Ashish,Prisha
Deepak,Ishaan
Arjun,Myra
Kiaan,Pihu
Deepa,Deepak
Pihu,Zara
Pranav,Pranay
Daksh,Pooja
Anand,Ayaan
Payal,Rudra
Aaryan,Sara
Aayan,Dhruv
Darsh,Rahul
Aayansh,Nirav
Aaryan,Ria
Deepak,Ishika
Disha,Parth
Akarsh,Pooja
Jiya,Prisha
Aaryan,Veer
Hiya,Veer
Arjun,Disha
Avni,Parth
Aayansh,Diya
Aditi,Anand
Dhruv,Ria
Ganesh,Ria
Disha,Sai
Ishika,Nikhil
Aanya,Aisha
Diya,Mira
